"","DESCRIPTION","City","County","State","Country","AVG_AADT","AVG_TruckCounts","addr","lat","long","arcgis_address","score","location.x","location.y","extent.xmin","extent.ymin","extent.xmax","extent.ymax"
"1","ALMANSOR AVE","LA","Los Angeles County","CA","USA",221000,6807,"ALMANSOR AVE,LA,Los Angeles County,CA,USA",34.103928136846,-118.125191358346,"N Almansor St, Alhambra, California, 91801",97.24,-118.125191358346,34.103928136846,-118.126191358346,34.102928136846,-118.124191358346,34.104928136846
"2","BUSWAY; EAST LA CITY LIMITS","LA","Los Angeles County","CA","USA",13700,1434,"BUSWAY; EAST LA CITY LIMITS,LA,Los Angeles County,CA,USA",34.03347,-118.15909,"East Los Angeles, California",88.43,-118.15909,34.03347,-118.18909,34.00347,-118.12909,34.06347
"3","E/O POLK ST; ASTORIA ST PED OC","LA","Los Angeles County","CA","USA",95500,6446,"E/O POLK ST; ASTORIA ST PED OC,LA,Los Angeles County,CA,USA",34.305048860549,-118.446028030431,"Astoria St, Sylmar, California, 91342",89.88,-118.446028030431,34.305048860549,-118.447028030431,34.304048860549,-118.445028030431,34.306048860549
"4","EAST LOS ANGELES CITY LIMITS","LA","Los Angeles County","CA","USA",218000,6736,"EAST LOS ANGELES CITY LIMITS,LA,Los Angeles County,CA,USA",34.708259905867,-118.427573189192,"Los Angeles City Rd, Lancaster, California, 93536",96.46,-118.427573189192,34.708259905867,-118.428573189192,34.707259905867,-118.426573189192,34.709259905867
"5","EAST OF INDIANA ST; ROWAN AVE","LA","Los Angeles County","CA","USA",239000,16637,"EAST OF INDIANA ST; ROWAN AVE,LA,Los Angeles County,CA,USA",34.473000408225,-118.178340531203,"Indiana St, Acton, California, 93510",90.1,-118.178340531203,34.473000408225,-118.179340531203,34.472000408225,-118.177340531203,34.474000408225
"6","ISLIP SADDLE, JCT. RTE. 39 SOUTH (CLOSED)","LA","Los Angeles County","CA","USA",220,11,"ISLIP SADDLE, JCT. RTE. 39 SOUTH (CLOSED),LA,Los Angeles County,CA,USA",34.135449473069,-117.908790036062,"CA-39 S, Azusa, California, 91702",86.78,-117.908790036062,34.135449473069,-117.909790036062,34.134449473069,-117.907790036062,34.136449473069
"7","ISLIP SADDLE, JCT. RTE. 39 SOUTH (CLOSED)","LA","Los Angeles County","CA","USA",220,11,"ISLIP SADDLE, JCT. RTE. 39 SOUTH (CLOSED),LA,Los Angeles County,CA,USA",34.135449473069,-117.908790036062,"CA-39 S, Azusa, California, 91702",86.78,-117.908790036062,34.135449473069,-117.909790036062,34.134449473069,-117.907790036062,34.136449473069
"8","ISLIP SADDLE, JCT. RTE. 39 SOUTH (CLOSED)","LA","Los Angeles County","CA","USA",220,11,"ISLIP SADDLE, JCT. RTE. 39 SOUTH (CLOSED),LA,Los Angeles County,CA,USA",34.135449473069,-117.908790036062,"CA-39 S, Azusa, California, 91702",86.78,-117.908790036062,34.135449473069,-117.909790036062,34.134449473069,-117.907790036062,34.136449473069
"9","ISLIP SADDLE, JCT. RTE. 39 SOUTH (CLOSED)","LA","Los Angeles County","CA","USA",220,11,"ISLIP SADDLE, JCT. RTE. 39 SOUTH (CLOSED),LA,Los Angeles County,CA,USA",34.135449473069,-117.908790036062,"CA-39 S, Azusa, California, 91702",86.78,-117.908790036062,34.135449473069,-117.909790036062,34.134449473069,-117.907790036062,34.136449473069
"10","ISLIP SADDLE, JCT. RTE. 39 SOUTH (CLOSED)","LA","Los Angeles County","CA","USA",220,11,"ISLIP SADDLE, JCT. RTE. 39 SOUTH (CLOSED),LA,Los Angeles County,CA,USA",34.135449473069,-117.908790036062,"CA-39 S, Azusa, California, 91702",86.78,-117.908790036062,34.135449473069,-117.909790036062,34.134449473069,-117.907790036062,34.136449473069
"11","ISLIP SADDLE, JCT. RTE. 39 SOUTH (CLOSED)","LA","Los Angeles County","CA","USA",220,11,"ISLIP SADDLE, JCT. RTE. 39 SOUTH (CLOSED),LA,Los Angeles County,CA,USA",34.135449473069,-117.908790036062,"CA-39 S, Azusa, California, 91702",86.78,-117.908790036062,34.135449473069,-117.909790036062,34.134449473069,-117.907790036062,34.136449473069
"12","ISLIP SADDLE, JCT. RTE. 39 SOUTH (CLOSED)","LA","Los Angeles County","CA","USA",220,11,"ISLIP SADDLE, JCT. RTE. 39 SOUTH (CLOSED),LA,Los Angeles County,CA,USA",34.135449473069,-117.908790036062,"CA-39 S, Azusa, California, 91702",86.78,-117.908790036062,34.135449473069,-117.909790036062,34.134449473069,-117.907790036062,34.136449473069
"13","ISLIP SADDLE, JCT. RTE. 39 SOUTH (CLOSED)","LA","Los Angeles County","CA","USA",220,11,"ISLIP SADDLE, JCT. RTE. 39 SOUTH (CLOSED),LA,Los Angeles County,CA,USA",34.135449473069,-117.908790036062,"CA-39 S, Azusa, California, 91702",86.78,-117.908790036062,34.135449473069,-117.909790036062,34.134449473069,-117.907790036062,34.136449473069
"14","JCT. RTE. 14 SOUTH","LA","Los Angeles County","CA","USA",35000,1887,"JCT. RTE. 14 SOUTH,LA,Los Angeles County,CA,USA",34.106518213358,-118.176118232738,"14 South Ln, South Pasadena, California, 91030",91.24,-118.176118232738,34.106518213358,-118.177118232738,34.105518213358,-118.175118232738,34.107518213358
"15","LONG BEACH, HEIM LIFT BRIDGE","LA","Los Angeles County","CA","USA",16900,9721,"LONG BEACH, HEIM LIFT BRIDGE,LA,Los Angeles County,CA,USA",33.76672,-118.1924,"Long Beach, California",86.94,-118.1924,33.76672,-118.2814,33.67772,-118.1034,33.85572
"16","LOS ANGELES, STADIUM WAY OVERCROSSING","LA","Los Angeles County","CA","USA",92500,1036,"LOS ANGELES, STADIUM WAY OVERCROSSING,LA,Los Angeles County,CA,USA",34.092184861276,-117.969015396988,"Los Angeles St, Baldwin Park, California, 91706",86.26,-117.969015396988,34.092184861276,-117.970015396988,34.091184861276,-117.968015396988,34.093184861276
"17","LOS ANGELES/KERN COUNTY LINE","LA","Los Angeles County","CA","USA",79000,19826,"LOS ANGELES/KERN COUNTY LINE,LA,Los Angeles County,CA,USA",34.19801,-118.26102,"Los Angeles County, California",90.57,-118.26102,34.19801,-120.18402,32.27501,-116.33802,36.12101
"18","LOS ANGELES/ORANGE COUNTY LINE","LA","Los Angeles County","CA","USA",188633,11164,"LOS ANGELES/ORANGE COUNTY LINE,LA,Los Angeles County,CA,USA",33.78745,-118.11446,"Los Angeles-Orange County State College",93.09,-118.11446,33.78745,-118.11946,33.78245,-118.10946,33.79245
"19","LOS ANGELES/ORANGE COUNTY LINE","LA","Los Angeles County","CA","USA",111433,5585,"LOS ANGELES/ORANGE COUNTY LINE,LA,Los Angeles County,CA,USA",33.78745,-118.11446,"Los Angeles-Orange County State College",93.09,-118.11446,33.78745,-118.11946,33.78245,-118.10946,33.79245
"20","LOS ANGELES/ORANGE COUNTY LINE","LA","Los Angeles County","CA","USA",189067,11170,"LOS ANGELES/ORANGE COUNTY LINE,LA,Los Angeles County,CA,USA",33.78745,-118.11446,"Los Angeles-Orange County State College",93.09,-118.11446,33.78745,-118.11946,33.78245,-118.10946,33.79245
"21","LOS ANGELES/ORANGE COUNTY LINE","LA","Los Angeles County","CA","USA",111867,5592,"LOS ANGELES/ORANGE COUNTY LINE,LA,Los Angeles County,CA,USA",33.78745,-118.11446,"Los Angeles-Orange County State College",93.09,-118.11446,33.78745,-118.11946,33.78245,-118.10946,33.79245
"22","LOS ANGELES/ORANGE COUNTY LINE","LA","Los Angeles County","CA","USA",120567,6160,"LOS ANGELES/ORANGE COUNTY LINE,LA,Los Angeles County,CA,USA",33.78745,-118.11446,"Los Angeles-Orange County State College",93.09,-118.11446,33.78745,-118.11946,33.78245,-118.10946,33.79245
"23","LOS ANGELES/ORANGE COUNTY LINE","LA","Los Angeles County","CA","USA",43367,581,"LOS ANGELES/ORANGE COUNTY LINE,LA,Los Angeles County,CA,USA",33.78745,-118.11446,"Los Angeles-Orange County State College",93.09,-118.11446,33.78745,-118.11946,33.78245,-118.10946,33.79245
"24","LOS ANGELES/ORANGE COUNTY LINE","LA","Los Angeles County","CA","USA",257133,16174,"LOS ANGELES/ORANGE COUNTY LINE,LA,Los Angeles County,CA,USA",33.78745,-118.11446,"Los Angeles-Orange County State College",93.09,-118.11446,33.78745,-118.11946,33.78245,-118.10946,33.79245
"25","LOS ANGELES/ORANGE COUNTY LINE","LA","Los Angeles County","CA","USA",179933,10596,"LOS ANGELES/ORANGE COUNTY LINE,LA,Los Angeles County,CA,USA",33.78745,-118.11446,"Los Angeles-Orange County State College",93.09,-118.11446,33.78745,-118.11946,33.78245,-118.10946,33.79245
"26","LOS ANGELES/SAN BERNARDINO COUNTY LINE","LA","Los Angeles County","CA","USA",135833,8915,"LOS ANGELES/SAN BERNARDINO COUNTY LINE,LA,Los Angeles County,CA,USA",34.19801,-118.26102,"Los Angeles County, California",83.97,-118.26102,34.19801,-120.18402,32.27501,-116.33802,36.12101
"27","LOS ANGELES/SAN BERNARDINO COUNTY LINE","LA","Los Angeles County","CA","USA",47833,3290,"LOS ANGELES/SAN BERNARDINO COUNTY LINE,LA,Los Angeles County,CA,USA",34.19801,-118.26102,"Los Angeles County, California",83.97,-118.26102,34.19801,-120.18402,32.27501,-116.33802,36.12101
"28","LOS ANGELES/SAN BERNARDINO COUNTY LINE","LA","Los Angeles County","CA","USA",83167,5389,"LOS ANGELES/SAN BERNARDINO COUNTY LINE,LA,Los Angeles County,CA,USA",34.19801,-118.26102,"Los Angeles County, California",83.97,-118.26102,34.19801,-120.18402,32.27501,-116.33802,36.12101
"29","LOS ANGELES/SAN BERNARDINO COUNTY LINE","LA","Los Angeles County","CA","USA",43732,2868,"LOS ANGELES/SAN BERNARDINO COUNTY LINE,LA,Los Angeles County,CA,USA",34.19801,-118.26102,"Los Angeles County, California",83.97,-118.26102,34.19801,-120.18402,32.27501,-116.33802,36.12101
"30","LOS ANGELES/SAN BERNARDINO COUNTY LINE","LA","Los Angeles County","CA","USA",278000,18209,"LOS ANGELES/SAN BERNARDINO COUNTY LINE,LA,Los Angeles County,CA,USA",34.19801,-118.26102,"Los Angeles County, California",83.97,-118.26102,34.19801,-120.18402,32.27501,-116.33802,36.12101
"31","LOS ANGELES/SAN BERNARDINO COUNTY LINE","LA","Los Angeles County","CA","USA",190000,12584,"LOS ANGELES/SAN BERNARDINO COUNTY LINE,LA,Los Angeles County,CA,USA",34.19801,-118.26102,"Los Angeles County, California",83.97,-118.26102,34.19801,-120.18402,32.27501,-116.33802,36.12101
"32","LOS ANGELES/SAN BERNARDINO COUNTY LINE","LA","Los Angeles County","CA","USA",225333,14683,"LOS ANGELES/SAN BERNARDINO COUNTY LINE,LA,Los Angeles County,CA,USA",34.19801,-118.26102,"Los Angeles County, California",83.97,-118.26102,34.19801,-120.18402,32.27501,-116.33802,36.12101
"33","LOS ANGELES/SAN BERNARDINO COUNTY LINE","LA","Los Angeles County","CA","USA",185899,12162,"LOS ANGELES/SAN BERNARDINO COUNTY LINE,LA,Los Angeles County,CA,USA",34.19801,-118.26102,"Los Angeles County, California",83.97,-118.26102,34.19801,-120.18402,32.27501,-116.33802,36.12101
"34","LOS ANGELES/SAN BERNARDINO COUNTY LINE","LA","Los Angeles County","CA","USA",189333,12520,"LOS ANGELES/SAN BERNARDINO COUNTY LINE,LA,Los Angeles County,CA,USA",34.19801,-118.26102,"Los Angeles County, California",83.97,-118.26102,34.19801,-120.18402,32.27501,-116.33802,36.12101
"35","LOS ANGELES/SAN BERNARDINO COUNTY LINE","LA","Los Angeles County","CA","USA",101333,6895,"LOS ANGELES/SAN BERNARDINO COUNTY LINE,LA,Los Angeles County,CA,USA",34.19801,-118.26102,"Los Angeles County, California",83.97,-118.26102,34.19801,-120.18402,32.27501,-116.33802,36.12101
"36","LOS ANGELES/SAN BERNARDINO COUNTY LINE","LA","Los Angeles County","CA","USA",136667,8994,"LOS ANGELES/SAN BERNARDINO COUNTY LINE,LA,Los Angeles County,CA,USA",34.19801,-118.26102,"Los Angeles County, California",83.97,-118.26102,34.19801,-120.18402,32.27501,-116.33802,36.12101
"37","LOS ANGELES/SAN BERNARDINO COUNTY LINE","LA","Los Angeles County","CA","USA",97232,6473,"LOS ANGELES/SAN BERNARDINO COUNTY LINE,LA,Los Angeles County,CA,USA",34.19801,-118.26102,"Los Angeles County, California",83.97,-118.26102,34.19801,-120.18402,32.27501,-116.33802,36.12101
"38","LOS ANGELES/SAN BERNARDINO COUNTY LINE","LA","Los Angeles County","CA","USA",132000,8698,"LOS ANGELES/SAN BERNARDINO COUNTY LINE,LA,Los Angeles County,CA,USA",34.19801,-118.26102,"Los Angeles County, California",83.97,-118.26102,34.19801,-120.18402,32.27501,-116.33802,36.12101
"39","LOS ANGELES/SAN BERNARDINO COUNTY LINE","LA","Los Angeles County","CA","USA",44000,3072,"LOS ANGELES/SAN BERNARDINO COUNTY LINE,LA,Los Angeles County,CA,USA",34.19801,-118.26102,"Los Angeles County, California",83.97,-118.26102,34.19801,-120.18402,32.27501,-116.33802,36.12101
"40","LOS ANGELES/SAN BERNARDINO COUNTY LINE","LA","Los Angeles County","CA","USA",79333,5172,"LOS ANGELES/SAN BERNARDINO COUNTY LINE,LA,Los Angeles County,CA,USA",34.19801,-118.26102,"Los Angeles County, California",83.97,-118.26102,34.19801,-120.18402,32.27501,-116.33802,36.12101
"41","LOS ANGELES/SAN BERNARDINO COUNTY LINE","LA","Los Angeles County","CA","USA",39899,2650,"LOS ANGELES/SAN BERNARDINO COUNTY LINE,LA,Los Angeles County,CA,USA",34.19801,-118.26102,"Los Angeles County, California",83.97,-118.26102,34.19801,-120.18402,32.27501,-116.33802,36.12101
"42","LOS ANGELES/SAN BERNARDINO COUNTY LINE","LA","Los Angeles County","CA","USA",99833,6752,"LOS ANGELES/SAN BERNARDINO COUNTY LINE,LA,Los Angeles County,CA,USA",34.19801,-118.26102,"Los Angeles County, California",83.97,-118.26102,34.19801,-120.18402,32.27501,-116.33802,36.12101
"43","LOS ANGELES/SAN BERNARDINO COUNTY LINE","LA","Los Angeles County","CA","USA",11833,1126,"LOS ANGELES/SAN BERNARDINO COUNTY LINE,LA,Los Angeles County,CA,USA",34.19801,-118.26102,"Los Angeles County, California",83.97,-118.26102,34.19801,-120.18402,32.27501,-116.33802,36.12101
"44","LOS ANGELES/SAN BERNARDINO COUNTY LINE","LA","Los Angeles County","CA","USA",47167,3226,"LOS ANGELES/SAN BERNARDINO COUNTY LINE,LA,Los Angeles County,CA,USA",34.19801,-118.26102,"Los Angeles County, California",83.97,-118.26102,34.19801,-120.18402,32.27501,-116.33802,36.12101
"45","LOS ANGELES/SAN BERNARDINO COUNTY LINE","LA","Los Angeles County","CA","USA",7732,704,"LOS ANGELES/SAN BERNARDINO COUNTY LINE,LA,Los Angeles County,CA,USA",34.19801,-118.26102,"Los Angeles County, California",83.97,-118.26102,34.19801,-120.18402,32.27501,-116.33802,36.12101
"46","LOS ANGELES/SAN BERNARDINO COUNTY LINE","LA","Los Angeles County","CA","USA",220667,14387,"LOS ANGELES/SAN BERNARDINO COUNTY LINE,LA,Los Angeles County,CA,USA",34.19801,-118.26102,"Los Angeles County, California",83.97,-118.26102,34.19801,-120.18402,32.27501,-116.33802,36.12101
"47","LOS ANGELES/SAN BERNARDINO COUNTY LINE","LA","Los Angeles County","CA","USA",132667,8761,"LOS ANGELES/SAN BERNARDINO COUNTY LINE,LA,Los Angeles County,CA,USA",34.19801,-118.26102,"Los Angeles County, California",83.97,-118.26102,34.19801,-120.18402,32.27501,-116.33802,36.12101
"48","LOS ANGELES/SAN BERNARDINO COUNTY LINE","LA","Los Angeles County","CA","USA",168000,10861,"LOS ANGELES/SAN BERNARDINO COUNTY LINE,LA,Los Angeles County,CA,USA",34.19801,-118.26102,"Los Angeles County, California",83.97,-118.26102,34.19801,-120.18402,32.27501,-116.33802,36.12101
"49","LOS ANGELES/SAN BERNARDINO COUNTY LINE","LA","Los Angeles County","CA","USA",128565,8339,"LOS ANGELES/SAN BERNARDINO COUNTY LINE,LA,Los Angeles County,CA,USA",34.19801,-118.26102,"Los Angeles County, California",83.97,-118.26102,34.19801,-120.18402,32.27501,-116.33802,36.12101
"50","LOS ANGELES/SAN BERNARDINO COUNTY LINE","LA","Los Angeles County","CA","USA",225333,14683,"LOS ANGELES/SAN BERNARDINO COUNTY LINE,LA,Los Angeles County,CA,USA",34.19801,-118.26102,"Los Angeles County, California",83.97,-118.26102,34.19801,-120.18402,32.27501,-116.33802,36.12101
"51","LOS ANGELES/SAN BERNARDINO COUNTY LINE","LA","Los Angeles County","CA","USA",137333,9058,"LOS ANGELES/SAN BERNARDINO COUNTY LINE,LA,Los Angeles County,CA,USA",34.19801,-118.26102,"Los Angeles County, California",83.97,-118.26102,34.19801,-120.18402,32.27501,-116.33802,36.12101
"52","LOS ANGELES/SAN BERNARDINO COUNTY LINE","LA","Los Angeles County","CA","USA",172667,11158,"LOS ANGELES/SAN BERNARDINO COUNTY LINE,LA,Los Angeles County,CA,USA",34.19801,-118.26102,"Los Angeles County, California",83.97,-118.26102,34.19801,-120.18402,32.27501,-116.33802,36.12101
"53","LOS ANGELES/SAN BERNARDINO COUNTY LINE","LA","Los Angeles County","CA","USA",133232,8636,"LOS ANGELES/SAN BERNARDINO COUNTY LINE,LA,Los Angeles County,CA,USA",34.19801,-118.26102,"Los Angeles County, California",83.97,-118.26102,34.19801,-120.18402,32.27501,-116.33802,36.12101
"54","LOS ANGELES/SAN BERNARDINO COUNTY LINE","LA","Los Angeles County","CA","USA",188500,12441,"LOS ANGELES/SAN BERNARDINO COUNTY LINE,LA,Los Angeles County,CA,USA",34.19801,-118.26102,"Los Angeles County, California",83.97,-118.26102,34.19801,-120.18402,32.27501,-116.33802,36.12101
"55","LOS ANGELES/SAN BERNARDINO COUNTY LINE","LA","Los Angeles County","CA","USA",100500,6815,"LOS ANGELES/SAN BERNARDINO COUNTY LINE,LA,Los Angeles County,CA,USA",34.19801,-118.26102,"Los Angeles County, California",83.97,-118.26102,34.19801,-120.18402,32.27501,-116.33802,36.12101
"56","LOS ANGELES/SAN BERNARDINO COUNTY LINE","LA","Los Angeles County","CA","USA",135833,8915,"LOS ANGELES/SAN BERNARDINO COUNTY LINE,LA,Los Angeles County,CA,USA",34.19801,-118.26102,"Los Angeles County, California",83.97,-118.26102,34.19801,-120.18402,32.27501,-116.33802,36.12101
"57","LOS ANGELES/SAN BERNARDINO COUNTY LINE","LA","Los Angeles County","CA","USA",96399,6393,"LOS ANGELES/SAN BERNARDINO COUNTY LINE,LA,Los Angeles County,CA,USA",34.19801,-118.26102,"Los Angeles County, California",83.97,-118.26102,34.19801,-120.18402,32.27501,-116.33802,36.12101
"58","LOS ANGELES/SAN BERNARDINO COUNTY LINE","LA","Los Angeles County","CA","USA",168000,10861,"LOS ANGELES/SAN BERNARDINO COUNTY LINE,LA,Los Angeles County,CA,USA",34.19801,-118.26102,"Los Angeles County, California",83.97,-118.26102,34.19801,-120.18402,32.27501,-116.33802,36.12101
"59","LOS ANGELES/SAN BERNARDINO COUNTY LINE","LA","Los Angeles County","CA","USA",80000,5236,"LOS ANGELES/SAN BERNARDINO COUNTY LINE,LA,Los Angeles County,CA,USA",34.19801,-118.26102,"Los Angeles County, California",83.97,-118.26102,34.19801,-120.18402,32.27501,-116.33802,36.12101
"60","LOS ANGELES/SAN BERNARDINO COUNTY LINE","LA","Los Angeles County","CA","USA",115333,7335,"LOS ANGELES/SAN BERNARDINO COUNTY LINE,LA,Los Angeles County,CA,USA",34.19801,-118.26102,"Los Angeles County, California",83.97,-118.26102,34.19801,-120.18402,32.27501,-116.33802,36.12101
"61","LOS ANGELES/SAN BERNARDINO COUNTY LINE","LA","Los Angeles County","CA","USA",75899,4814,"LOS ANGELES/SAN BERNARDINO COUNTY LINE,LA,Los Angeles County,CA,USA",34.19801,-118.26102,"Los Angeles County, California",83.97,-118.26102,34.19801,-120.18402,32.27501,-116.33802,36.12101
"62","N/O SHERMAN WAY; SATICOY ST","LA","Los Angeles County","CA","USA",217000,8919,"N/O SHERMAN WAY; SATICOY ST,LA,Los Angeles County,CA,USA",33.972888193336,-118.175486742306,"Sherman Way, Bell Gardens, California, 90201",91.24,-118.175486742306,33.972888193336,-118.176486742306,33.971888193336,-118.174486742306,33.973888193336
"63","ORANGE/LOS ANGELES COUNTY LINE","LA","Los Angeles County","CA","USA",207333,15742,"ORANGE/LOS ANGELES COUNTY LINE,LA,Los Angeles County,CA,USA",33.78745,-118.11446,"Los Angeles-Orange County State College",92.37,-118.11446,33.78745,-118.11946,33.78245,-118.10946,33.79245
"64","ORANGE/LOS ANGELES COUNTY LINE","LA","Los Angeles County","CA","USA",184333,12736,"ORANGE/LOS ANGELES COUNTY LINE,LA,Los Angeles County,CA,USA",33.78745,-118.11446,"Los Angeles-Orange County State College",92.37,-118.11446,33.78745,-118.11946,33.78245,-118.10946,33.79245
"65","ORANGE/LOS ANGELES COUNTY LINE","LA","Los Angeles County","CA","USA",197100,15470,"ORANGE/LOS ANGELES COUNTY LINE,LA,Los Angeles County,CA,USA",33.78745,-118.11446,"Los Angeles-Orange County State College",92.37,-118.11446,33.78745,-118.11946,33.78245,-118.10946,33.79245
"66","ORANGE/LOS ANGELES COUNTY LINE","LA","Los Angeles County","CA","USA",193667,15129,"ORANGE/LOS ANGELES COUNTY LINE,LA,Los Angeles County,CA,USA",33.78745,-118.11446,"Los Angeles-Orange County State College",92.37,-118.11446,33.78745,-118.11946,33.78245,-118.10946,33.79245
"67","ORANGE/LOS ANGELES COUNTY LINE","LA","Los Angeles County","CA","USA",170667,12124,"ORANGE/LOS ANGELES COUNTY LINE,LA,Los Angeles County,CA,USA",33.78745,-118.11446,"Los Angeles-Orange County State College",92.37,-118.11446,33.78745,-118.11946,33.78245,-118.10946,33.79245
"68","ORANGE/LOS ANGELES COUNTY LINE","LA","Los Angeles County","CA","USA",183433,14858,"ORANGE/LOS ANGELES COUNTY LINE,LA,Los Angeles County,CA,USA",33.78745,-118.11446,"Los Angeles-Orange County State College",92.37,-118.11446,33.78745,-118.11946,33.78245,-118.10946,33.79245
"69","ORANGE/LOS ANGELES COUNTY LINE","LA","Los Angeles County","CA","USA",193333,13402,"ORANGE/LOS ANGELES COUNTY LINE,LA,Los Angeles County,CA,USA",33.78745,-118.11446,"Los Angeles-Orange County State College",92.37,-118.11446,33.78745,-118.11946,33.78245,-118.10946,33.79245
"70","ORANGE/LOS ANGELES COUNTY LINE","LA","Los Angeles County","CA","USA",170333,10397,"ORANGE/LOS ANGELES COUNTY LINE,LA,Los Angeles County,CA,USA",33.78745,-118.11446,"Los Angeles-Orange County State College",92.37,-118.11446,33.78745,-118.11946,33.78245,-118.10946,33.79245
"71","ORANGE/LOS ANGELES COUNTY LINE","LA","Los Angeles County","CA","USA",183100,13131,"ORANGE/LOS ANGELES COUNTY LINE,LA,Los Angeles County,CA,USA",33.78745,-118.11446,"Los Angeles-Orange County State College",92.37,-118.11446,33.78745,-118.11946,33.78245,-118.10946,33.79245
"72","ORANGE/LOS ANGELES COUNTY LINE","LA","Los Angeles County","CA","USA",207333,15742,"ORANGE/LOS ANGELES COUNTY LINE,LA,Los Angeles County,CA,USA",33.78745,-118.11446,"Los Angeles-Orange County State College",92.37,-118.11446,33.78745,-118.11946,33.78245,-118.10946,33.79245
"73","ORANGE/LOS ANGELES COUNTY LINE","LA","Los Angeles County","CA","USA",184333,12736,"ORANGE/LOS ANGELES COUNTY LINE,LA,Los Angeles County,CA,USA",33.78745,-118.11446,"Los Angeles-Orange County State College",92.37,-118.11446,33.78745,-118.11946,33.78245,-118.10946,33.79245
"74","ORANGE/LOS ANGELES COUNTY LINE","LA","Los Angeles County","CA","USA",197100,15470,"ORANGE/LOS ANGELES COUNTY LINE,LA,Los Angeles County,CA,USA",33.78745,-118.11446,"Los Angeles-Orange County State College",92.37,-118.11446,33.78745,-118.11946,33.78245,-118.10946,33.79245
"75","ORANGE/LOS ANGELES COUNTY LINE","LA","Los Angeles County","CA","USA",193333,13402,"ORANGE/LOS ANGELES COUNTY LINE,LA,Los Angeles County,CA,USA",33.78745,-118.11446,"Los Angeles-Orange County State College",92.37,-118.11446,33.78745,-118.11946,33.78245,-118.10946,33.79245
"76","ORANGE/LOS ANGELES COUNTY LINE","LA","Los Angeles County","CA","USA",170333,10397,"ORANGE/LOS ANGELES COUNTY LINE,LA,Los Angeles County,CA,USA",33.78745,-118.11446,"Los Angeles-Orange County State College",92.37,-118.11446,33.78745,-118.11946,33.78245,-118.10946,33.79245
"77","ORANGE/LOS ANGELES COUNTY LINE","LA","Los Angeles County","CA","USA",183100,13131,"ORANGE/LOS ANGELES COUNTY LINE,LA,Los Angeles County,CA,USA",33.78745,-118.11446,"Los Angeles-Orange County State College",92.37,-118.11446,33.78745,-118.11946,33.78245,-118.10946,33.79245
"78","ORANGE/LOS ANGELES COUNTY LINE","LA","Los Angeles County","CA","USA",207000,14015,"ORANGE/LOS ANGELES COUNTY LINE,LA,Los Angeles County,CA,USA",33.78745,-118.11446,"Los Angeles-Orange County State College",92.37,-118.11446,33.78745,-118.11946,33.78245,-118.10946,33.79245
"79","ORANGE/LOS ANGELES COUNTY LINE","LA","Los Angeles County","CA","USA",184000,11009,"ORANGE/LOS ANGELES COUNTY LINE,LA,Los Angeles County,CA,USA",33.78745,-118.11446,"Los Angeles-Orange County State College",92.37,-118.11446,33.78745,-118.11946,33.78245,-118.10946,33.79245
"80","ORANGE/LOS ANGELES COUNTY LINE","LA","Los Angeles County","CA","USA",196767,13743,"ORANGE/LOS ANGELES COUNTY LINE,LA,Los Angeles County,CA,USA",33.78745,-118.11446,"Los Angeles-Orange County State College",92.37,-118.11446,33.78745,-118.11946,33.78245,-118.10946,33.79245
"81","ORANGE/LOS ANGELES COUNTY LINE","LA","Los Angeles County","CA","USA",221000,16354,"ORANGE/LOS ANGELES COUNTY LINE,LA,Los Angeles County,CA,USA",33.78745,-118.11446,"Los Angeles-Orange County State College",92.37,-118.11446,33.78745,-118.11946,33.78245,-118.10946,33.79245
"82","ORANGE/LOS ANGELES COUNTY LINE","LA","Los Angeles County","CA","USA",198000,13349,"ORANGE/LOS ANGELES COUNTY LINE,LA,Los Angeles County,CA,USA",33.78745,-118.11446,"Los Angeles-Orange County State College",92.37,-118.11446,33.78745,-118.11946,33.78245,-118.10946,33.79245
"83","ORANGE/LOS ANGELES COUNTY LINE","LA","Los Angeles County","CA","USA",210767,16083,"ORANGE/LOS ANGELES COUNTY LINE,LA,Los Angeles County,CA,USA",33.78745,-118.11446,"Los Angeles-Orange County State College",92.37,-118.11446,33.78745,-118.11946,33.78245,-118.10946,33.79245
"84","ORANGE/LOS ANGELES COUNTY LINE","LA","Los Angeles County","CA","USA",193000,11675,"ORANGE/LOS ANGELES COUNTY LINE,LA,Los Angeles County,CA,USA",33.78745,-118.11446,"Los Angeles-Orange County State College",92.37,-118.11446,33.78745,-118.11946,33.78245,-118.10946,33.79245
"85","ORANGE/LOS ANGELES COUNTY LINE","LA","Los Angeles County","CA","USA",170000,8670,"ORANGE/LOS ANGELES COUNTY LINE,LA,Los Angeles County,CA,USA",33.78745,-118.11446,"Los Angeles-Orange County State College",92.37,-118.11446,33.78745,-118.11946,33.78245,-118.10946,33.79245
"86","ORANGE/LOS ANGELES COUNTY LINE","LA","Los Angeles County","CA","USA",182767,11404,"ORANGE/LOS ANGELES COUNTY LINE,LA,Los Angeles County,CA,USA",33.78745,-118.11446,"Los Angeles-Orange County State College",92.37,-118.11446,33.78745,-118.11946,33.78245,-118.10946,33.79245
"87","ORANGE/LOS ANGELES COUNTY LINE","LA","Los Angeles County","CA","USA",207000,14015,"ORANGE/LOS ANGELES COUNTY LINE,LA,Los Angeles County,CA,USA",33.78745,-118.11446,"Los Angeles-Orange County State College",92.37,-118.11446,33.78745,-118.11946,33.78245,-118.10946,33.79245
"88","ORANGE/LOS ANGELES COUNTY LINE","LA","Los Angeles County","CA","USA",184000,11009,"ORANGE/LOS ANGELES COUNTY LINE,LA,Los Angeles County,CA,USA",33.78745,-118.11446,"Los Angeles-Orange County State College",92.37,-118.11446,33.78745,-118.11946,33.78245,-118.10946,33.79245
"89","ORANGE/LOS ANGELES COUNTY LINE","LA","Los Angeles County","CA","USA",196767,13743,"ORANGE/LOS ANGELES COUNTY LINE,LA,Los Angeles County,CA,USA",33.78745,-118.11446,"Los Angeles-Orange County State College",92.37,-118.11446,33.78745,-118.11946,33.78245,-118.10946,33.79245
"90","S/O JCT RTE 405;N/O RINALDI ST","LA","Los Angeles County","CA","USA",185000,5588,"S/O JCT RTE 405;N/O RINALDI ST,LA,Los Angeles County,CA,USA",34.274676357005,-118.578023887532,"Rinaldi St, Chatsworth, California, 91311",89.88,-118.578023887532,34.274676357005,-118.579023887532,34.273676357005,-118.577023887532,34.275676357005
"91","S/O LAUREL CYN BL; COLFAX AVE","LA","Los Angeles County","CA","USA",274000,11590,"S/O LAUREL CYN BL; COLFAX AVE,LA,Los Angeles County,CA,USA",34.132143331761,-118.384953350166,"Laurel Canyon Blvd, Studio City, California, 91604",91.44,-118.384953350166,34.132143331761,-118.385953350166,34.131143331761,-118.383953350166,34.133143331761
"92","S/O SHERMAN WAY; VAN OWEN ST","LA","Los Angeles County","CA","USA",206000,7375,"S/O SHERMAN WAY; VAN OWEN ST,LA,Los Angeles County,CA,USA",33.972888193336,-118.175486742306,"Sherman Way, Bell Gardens, California, 90201",91.24,-118.175486742306,33.972888193336,-118.176486742306,33.971888193336,-118.174486742306,33.973888193336
"93","SAN GABRIEL RIVER BRIDGE","LA","Los Angeles County","CA","USA",176000,12126,"SAN GABRIEL RIVER BRIDGE,LA,Los Angeles County,CA,USA",34.050607080761,-118.006244485972,"San Gabriel River Fwy, La Puente, California, 91746",97.73,-118.006244485972,34.050607080761,-118.007244485972,34.049607080761,-118.005244485972,34.051607080761
"94","SAN GABRIEL RIVER BRIDGE","LA","Los Angeles County","CA","USA",118117,8121,"SAN GABRIEL RIVER BRIDGE,LA,Los Angeles County,CA,USA",34.050607080761,-118.006244485972,"San Gabriel River Fwy, La Puente, California, 91746",97.73,-118.006244485972,34.050607080761,-118.007244485972,34.049607080761,-118.005244485972,34.051607080761
"95","SAN GABRIEL RIVER BRIDGE","LA","Los Angeles County","CA","USA",60233,4115,"SAN GABRIEL RIVER BRIDGE,LA,Los Angeles County,CA,USA",34.050607080761,-118.006244485972,"San Gabriel River Fwy, La Puente, California, 91746",97.73,-118.006244485972,34.050607080761,-118.007244485972,34.049607080761,-118.005244485972,34.051607080761
"96","SAN GABRIEL RIVER BRIDGE","LA","Los Angeles County","CA","USA",2350,109,"SAN GABRIEL RIVER BRIDGE,LA,Los Angeles County,CA,USA",34.050607080761,-118.006244485972,"San Gabriel River Fwy, La Puente, California, 91746",97.73,-118.006244485972,34.050607080761,-118.007244485972,34.049607080761,-118.005244485972,34.051607080761
"97","SAN GABRIEL RIVER BRIDGE","LA","Los Angeles County","CA","USA",118117,8121,"SAN GABRIEL RIVER BRIDGE,LA,Los Angeles County,CA,USA",34.050607080761,-118.006244485972,"San Gabriel River Fwy, La Puente, California, 91746",97.73,-118.006244485972,34.050607080761,-118.007244485972,34.049607080761,-118.005244485972,34.051607080761
"98","SAN GABRIEL RIVER BRIDGE","LA","Los Angeles County","CA","USA",60233,4115,"SAN GABRIEL RIVER BRIDGE,LA,Los Angeles County,CA,USA",34.050607080761,-118.006244485972,"San Gabriel River Fwy, La Puente, California, 91746",97.73,-118.006244485972,34.050607080761,-118.007244485972,34.049607080761,-118.005244485972,34.051607080761
"99","SAN GABRIEL RIVER BRIDGE","LA","Los Angeles County","CA","USA",118117,8121,"SAN GABRIEL RIVER BRIDGE,LA,Los Angeles County,CA,USA",34.050607080761,-118.006244485972,"San Gabriel River Fwy, La Puente, California, 91746",97.73,-118.006244485972,34.050607080761,-118.007244485972,34.049607080761,-118.005244485972,34.051607080761
"100","SAN GABRIEL RIVER BRIDGE","LA","Los Angeles County","CA","USA",60233,4115,"SAN GABRIEL RIVER BRIDGE,LA,Los Angeles County,CA,USA",34.050607080761,-118.006244485972,"San Gabriel River Fwy, La Puente, California, 91746",97.73,-118.006244485972,34.050607080761,-118.007244485972,34.049607080761,-118.005244485972,34.051607080761
"101","SANTA MONICA, MCCLURE TUNNEL","LA","Los Angeles County","CA","USA",62000,3367,"SANTA MONICA, MCCLURE TUNNEL,LA,Los Angeles County,CA,USA",34.014354994993,-118.494545006424,"Santa Monica, Santa Monica, California, 90401",90.31,-118.494545006424,34.014354994993,-118.495545006424,34.013354994993,-118.493545006424,34.015354994993
"102","VENTURA/LOS ANGELES COUNTY LINE","LA","Los Angeles County","CA","USA",22600,2113,"VENTURA/LOS ANGELES COUNTY LINE,LA,Los Angeles County,CA,USA",34.19801,-118.26102,"Los Angeles County, California",88.1,-118.26102,34.19801,-120.18402,32.27501,-116.33802,36.12101
